id;archived;board_name;date_created;board_id
1;false;Directives application Home Loan Account;2019-09-29;72107d59-2ba0-40fb-9f30-2f2949806048
2;true;Steel zero administration;2019-09-29;371c9368-f970-4d9a-a710-fff9c64013a3
3;false;Rubber Buckinghamshire Games;2019-09-28;642ac468-3892-40fd-87f6-ee9be519380f
4;false;scale interactive generating;2019-09-29;f498424c-210f-46c6-b400-d3bbbcc91e5a
5;false;IB Investment Account archive;2019-09-29;54a5ab9a-4e87-461f-bdcb-83c4708b6107
6;false;Outdoors;2019-09-28;7598be23-968c-433f-994b-2ee9c4a1d7c3
7;false;Human Ghana;2019-09-28;1e55e143-a60d-45d4-8288-673b1453f253
8;true;Kenyan Shilling robust;2019-09-28;4f34b7b4-24f0-449f-8600-45ea3a2877f8
9;false;Bulgarian Lev navigate;2019-09-29;3bc57afa-68d1-4cd2-982b-0d95a30b8c35
10;true;Sausages;2019-09-28;668ed2a5-b13e-48eb-83a2-df88843f1fe8
